Thu Aug 17 22:13:34 IST 2017,jwala,10.203.148.0/23,33
Thu Aug 17 22:44:22 IST 2017,jwala,10.203.148.0/23,33
Thu Aug 17 23:15:48 IST 2017,jwala,10.203.148.0/23,35
Thu Aug 17 23:46:31 IST 2017,jwala,10.203.148.0/23,30
Fri Aug 18 00:17:12 IST 2017,jwala,10.203.148.0/23,31
Fri Aug 18 00:47:51 IST 2017,jwala,10.203.148.0/23,25
Fri Aug 18 01:18:33 IST 2017,jwala,10.203.148.0/23,4
Fri Aug 18 01:49:14 IST 2017,jwala,10.203.148.0/23,6
Fri Aug 18 02:20:11 IST 2017,jwala,10.203.148.0/23,5
Fri Aug 18 02:50:47 IST 2017,jwala,10.203.148.0/23,3
Fri Aug 18 03:21:13 IST 2017,jwala,10.203.148.0/23,3
Fri Aug 18 03:51:55 IST 2017,jwala,10.203.148.0/23,1
Fri Aug 18 04:22:34 IST 2017,jwala,10.203.148.0/23,1
Fri Aug 18 04:53:08 IST 2017,jwala,10.203.148.0/23,1
Fri Aug 18 05:23:43 IST 2017,jwala,10.203.148.0/23,1
Fri Aug 18 05:54:20 IST 2017,jwala,10.203.148.0/23,1
Fri Aug 18 06:24:54 IST 2017,jwala,10.203.148.0/23,7
Fri Aug 18 06:55:28 IST 2017,jwala,10.203.148.0/23,7
Fri Aug 18 07:25:58 IST 2017,jwala,10.203.148.0/23,8
Fri Aug 18 07:56:49 IST 2017,jwala,10.203.148.0/23,7
Fri Aug 18 08:28:03 IST 2017,jwala,10.203.148.0/23,7
Fri Aug 18 08:58:46 IST 2017,jwala,10.203.148.0/23,7
Fri Aug 18 09:29:12 IST 2017,jwala,10.203.148.0/23,10
Fri Aug 18 10:00:13 IST 2017,jwala,10.203.148.0/23,12
Fri Aug 18 10:30:39 IST 2017,jwala,10.203.148.0/23,12
Fri Aug 18 11:01:07 IST 2017,jwala,10.203.148.0/23,14
Fri Aug 18 11:31:43 IST 2017,jwala,10.203.148.0/23,14
Fri Aug 18 12:02:41 IST 2017,jwala,10.203.148.0/23,16
Fri Aug 18 12:33:35 IST 2017,jwala,10.203.148.0/23,18
Fri Aug 18 13:04:04 IST 2017,jwala,10.203.148.0/23,19
Fri Aug 18 13:34:50 IST 2017,jwala,10.203.148.0/23,17
Fri Aug 18 14:05:20 IST 2017,jwala,10.203.148.0/23,16
Fri Aug 18 14:36:07 IST 2017,jwala,10.203.148.0/23,17
Fri Aug 18 15:06:41 IST 2017,jwala,10.203.148.0/23,19
Fri Aug 18 15:38:13 IST 2017,jwala,10.203.148.0/23,17
Fri Aug 18 16:08:53 IST 2017,jwala,10.203.148.0/23,16
Fri Aug 18 16:39:20 IST 2017,jwala,10.203.148.0/23,14
Fri Aug 18 17:10:02 IST 2017,jwala,10.203.148.0/23,14
Fri Aug 18 17:40:35 IST 2017,jwala,10.203.148.0/23,15
Fri Aug 18 18:11:34 IST 2017,jwala,10.203.148.0/23,19
Fri Aug 18 18:42:12 IST 2017,jwala,10.203.148.0/23,18
Fri Aug 18 19:12:48 IST 2017,jwala,10.203.148.0/23,18
Fri Aug 18 19:43:50 IST 2017,jwala,10.203.148.0/23,19
Fri Aug 18 20:14:25 IST 2017,jwala,10.203.148.0/23,17
Fri Aug 18 20:45:34 IST 2017,jwala,10.203.148.0/23,18
Fri Aug 18 21:16:07 IST 2017,jwala,10.203.148.0/23,17
Fri Aug 18 21:46:40 IST 2017,jwala,10.203.148.0/23,19
Fri Aug 18 22:17:18 IST 2017,jwala,10.203.148.0/23,24
Fri Aug 18 22:48:11 IST 2017,jwala,10.203.148.0/23,26
Fri Aug 18 23:18:54 IST 2017,jwala,10.203.148.0/23,25
Fri Aug 18 23:49:29 IST 2017,jwala,10.203.148.0/23,26
Sat Aug 19 00:20:02 IST 2017,jwala,10.203.148.0/23,25
Sat Aug 19 00:50:58 IST 2017,jwala,10.203.148.0/23,24
Sat Aug 19 01:21:46 IST 2017,jwala,10.203.148.0/23,2
Sat Aug 19 01:52:19 IST 2017,jwala,10.203.148.0/23,2
Sat Aug 19 02:23:00 IST 2017,jwala,10.203.148.0/23,3
Sat Aug 19 02:55:31 IST 2017,jwala,10.203.148.0/23,5
Sat Aug 19 03:30:43 IST 2017,jwala,10.203.148.0/23,3
Sat Aug 19 04:02:51 IST 2017,jwala,10.203.148.0/23,1
Sat Aug 19 04:34:04 IST 2017,jwala,10.203.148.0/23,1
Sat Aug 19 05:06:23 IST 2017,jwala,10.203.148.0/23,1
Sat Aug 19 05:37:44 IST 2017,jwala,10.203.148.0/23,1
Sat Aug 19 06:09:09 IST 2017,jwala,10.203.148.0/23,4
Sat Aug 19 06:41:18 IST 2017,jwala,10.203.148.0/23,4
Sat Aug 19 07:12:12 IST 2017,jwala,10.203.148.0/23,4
Sat Aug 19 07:44:11 IST 2017,jwala,10.203.148.0/23,6
Sat Aug 19 08:16:12 IST 2017,jwala,10.203.148.0/23,12
Sat Aug 19 08:48:26 IST 2017,jwala,10.203.148.0/23,8
Sat Aug 19 09:20:38 IST 2017,jwala,10.203.148.0/23,10
Sat Aug 19 09:52:09 IST 2017,jwala,10.203.148.0/23,12
Sat Aug 19 10:22:49 IST 2017,jwala,10.203.148.0/23,11
Sat Aug 19 10:53:38 IST 2017,jwala,10.203.148.0/23,16
Sat Aug 19 11:25:40 IST 2017,jwala,10.203.148.0/23,17
Sat Aug 19 11:56:33 IST 2017,jwala,10.203.148.0/23,17
Sat Aug 19 12:27:15 IST 2017,jwala,10.203.148.0/23,18
Sat Aug 19 12:59:15 IST 2017,jwala,10.203.148.0/23,17
Sat Aug 19 13:29:52 IST 2017,jwala,10.203.148.0/23,18
Sat Aug 19 14:00:18 IST 2017,jwala,10.203.148.0/23,23
Sat Aug 19 14:30:45 IST 2017,jwala,10.203.148.0/23,26
Sat Aug 19 15:01:20 IST 2017,jwala,10.203.148.0/23,21
Sat Aug 19 15:31:54 IST 2017,jwala,10.203.148.0/23,18
Sat Aug 19 16:02:20 IST 2017,jwala,10.203.148.0/23,17
Sat Aug 19 16:33:00 IST 2017,jwala,10.203.148.0/23,23
Sat Aug 19 17:03:34 IST 2017,jwala,10.203.148.0/23,23
Sat Aug 19 17:34:02 IST 2017,jwala,10.203.148.0/23,23
Sat Aug 19 18:04:56 IST 2017,jwala,10.203.148.0/23,23
Sat Aug 19 18:35:32 IST 2017,jwala,10.203.148.0/23,23
Sat Aug 19 19:06:19 IST 2017,jwala,10.203.148.0/23,20
Sat Aug 19 19:36:44 IST 2017,jwala,10.203.148.0/23,17
Sat Aug 19 20:07:19 IST 2017,jwala,10.203.148.0/23,18
Sat Aug 19 20:37:47 IST 2017,jwala,10.203.148.0/23,18
Sat Aug 19 21:08:22 IST 2017,jwala,10.203.148.0/23,20
Sat Aug 19 21:38:50 IST 2017,jwala,10.203.148.0/23,25
Sat Aug 19 22:09:23 IST 2017,jwala,10.203.148.0/23,28
Sat Aug 19 22:39:58 IST 2017,jwala,10.203.148.0/23,26
Sat Aug 19 23:10:56 IST 2017,jwala,10.203.148.0/23,24
Sat Aug 19 23:42:09 IST 2017,jwala,10.203.148.0/23,25
Sun Aug 20 00:12:38 IST 2017,jwala,10.203.148.0/23,27
Sun Aug 20 00:43:11 IST 2017,jwala,10.203.148.0/23,23
Sun Aug 20 01:13:48 IST 2017,jwala,10.203.148.0/23,5
Sun Aug 20 01:44:27 IST 2017,jwala,10.203.148.0/23,6
Sun Aug 20 02:15:29 IST 2017,jwala,10.203.148.0/23,8
Sun Aug 20 02:46:03 IST 2017,jwala,10.203.148.0/23,6
Sun Aug 20 03:16:26 IST 2017,jwala,10.203.148.0/23,4
Sun Aug 20 03:47:08 IST 2017,jwala,10.203.148.0/23,6
Sun Aug 20 04:17:37 IST 2017,jwala,10.203.148.0/23,3
Sun Aug 20 04:48:15 IST 2017,jwala,10.203.148.0/23,2
Sun Aug 20 05:18:54 IST 2017,jwala,10.203.148.0/23,2
Sun Aug 20 05:51:05 IST 2017,jwala,10.203.148.0/23,2
Sun Aug 20 06:23:12 IST 2017,jwala,10.203.148.0/23,9
Sun Aug 20 06:55:11 IST 2017,jwala,10.203.148.0/23,8
Sun Aug 20 07:27:19 IST 2017,jwala,10.203.148.0/23,8
Sun Aug 20 07:59:23 IST 2017,jwala,10.203.148.0/23,9
Sun Aug 20 08:30:03 IST 2017,jwala,10.203.148.0/23,10
Sun Aug 20 09:00:46 IST 2017,jwala,10.203.148.0/23,13
Sun Aug 20 09:31:43 IST 2017,jwala,10.203.148.0/23,14
Sun Aug 20 10:02:09 IST 2017,jwala,10.203.148.0/23,17
Sun Aug 20 10:32:40 IST 2017,jwala,10.203.148.0/23,19
Sun Aug 20 11:03:08 IST 2017,jwala,10.203.148.0/23,20
Sun Aug 20 11:33:49 IST 2017,jwala,10.203.148.0/23,20
Sun Aug 20 12:04:15 IST 2017,jwala,10.203.148.0/23,23
Sun Aug 20 12:34:43 IST 2017,jwala,10.203.148.0/23,21
Sun Aug 20 13:05:12 IST 2017,jwala,10.203.148.0/23,22
Sun Aug 20 13:35:42 IST 2017,jwala,10.203.148.0/23,17
Sun Aug 20 14:06:26 IST 2017,jwala,10.203.148.0/23,20
Sun Aug 20 14:37:01 IST 2017,jwala,10.203.148.0/23,20
Sun Aug 20 15:07:43 IST 2017,jwala,10.203.148.0/23,20
Sun Aug 20 15:38:11 IST 2017,jwala,10.203.148.0/23,20
Sun Aug 20 16:08:47 IST 2017,jwala,10.203.148.0/23,18
Sun Aug 20 16:39:15 IST 2017,jwala,10.203.148.0/23,18
Sun Aug 20 17:10:00 IST 2017,jwala,10.203.148.0/23,19
Sun Aug 20 17:40:35 IST 2017,jwala,10.203.148.0/23,22
Sun Aug 20 18:11:28 IST 2017,jwala,10.203.148.0/23,25
Sun Aug 20 18:42:14 IST 2017,jwala,10.203.148.0/23,26
Sun Aug 20 19:12:52 IST 2017,jwala,10.203.148.0/23,20
Sun Aug 20 19:43:15 IST 2017,jwala,10.203.148.0/23,21
Sun Aug 20 20:13:49 IST 2017,jwala,10.203.148.0/23,19
Sun Aug 20 20:44:20 IST 2017,jwala,10.203.148.0/23,17
Sun Aug 20 21:15:01 IST 2017,jwala,10.203.148.0/23,21
Sun Aug 20 21:45:32 IST 2017,jwala,10.203.148.0/23,21
Sun Aug 20 22:16:07 IST 2017,jwala,10.203.148.0/23,26
Sun Aug 20 22:46:44 IST 2017,jwala,10.203.148.0/23,23
Sun Aug 20 23:17:54 IST 2017,jwala,10.203.148.0/23,24
Sun Aug 20 23:48:26 IST 2017,jwala,10.203.148.0/23,22
Mon Aug 21 00:18:56 IST 2017,jwala,10.203.148.0/23,25
Mon Aug 21 00:49:26 IST 2017,jwala,10.203.148.0/23,24
Mon Aug 21 01:20:23 IST 2017,jwala,10.203.148.0/23,5
Mon Aug 21 01:51:09 IST 2017,jwala,10.203.148.0/23,5
Mon Aug 21 02:21:49 IST 2017,jwala,10.203.148.0/23,5
Mon Aug 21 02:52:47 IST 2017,jwala,10.203.148.0/23,5
Mon Aug 21 03:23:52 IST 2017,jwala,10.203.148.0/23,3
Mon Aug 21 03:54:24 IST 2017,jwala,10.203.148.0/23,4
Mon Aug 21 04:24:55 IST 2017,jwala,10.203.148.0/23,2
Mon Aug 21 04:56:50 IST 2017,jwala,10.203.148.0/23,1
Mon Aug 21 05:28:23 IST 2017,jwala,10.203.148.0/23,2
Mon Aug 21 05:59:58 IST 2017,jwala,10.203.148.0/23,2
Mon Aug 21 06:32:18 IST 2017,jwala,10.203.148.0/23,6
Mon Aug 21 07:03:45 IST 2017,jwala,10.203.148.0/23,8
Mon Aug 21 07:34:25 IST 2017,jwala,10.203.148.0/23,9
Mon Aug 21 08:06:27 IST 2017,jwala,10.203.148.0/23,9
Mon Aug 21 08:37:02 IST 2017,jwala,10.203.148.0/23,15
Mon Aug 21 09:07:46 IST 2017,jwala,10.203.148.0/23,10
Mon Aug 21 09:38:28 IST 2017,jwala,10.203.148.0/23,12
Mon Aug 21 10:08:58 IST 2017,jwala,10.203.148.0/23,16
Mon Aug 21 10:40:20 IST 2017,jwala,10.203.148.0/23,13
Mon Aug 21 11:10:49 IST 2017,jwala,10.203.148.0/23,16
Mon Aug 21 11:41:28 IST 2017,jwala,10.203.148.0/23,19
Mon Aug 21 12:11:50 IST 2017,jwala,10.203.148.0/23,18
Mon Aug 21 12:42:22 IST 2017,jwala,10.203.148.0/23,16
Mon Aug 21 13:12:58 IST 2017,jwala,10.203.148.0/23,15
Mon Aug 21 13:43:40 IST 2017,jwala,10.203.148.0/23,16
Mon Aug 21 14:14:15 IST 2017,jwala,10.203.148.0/23,21
Mon Aug 21 14:44:54 IST 2017,jwala,10.203.148.0/23,19
Mon Aug 21 15:15:26 IST 2017,jwala,10.203.148.0/23,12
Mon Aug 21 15:45:52 IST 2017,jwala,10.203.148.0/23,16
Mon Aug 21 16:16:33 IST 2017,jwala,10.203.148.0/23,12
Mon Aug 21 16:47:33 IST 2017,jwala,10.203.148.0/23,18
Mon Aug 21 17:18:00 IST 2017,jwala,10.203.148.0/23,18
Mon Aug 21 17:48:29 IST 2017,jwala,10.203.148.0/23,22
Mon Aug 21 18:19:08 IST 2017,jwala,10.203.148.0/23,23
Mon Aug 21 18:49:42 IST 2017,jwala,10.203.148.0/23,20
Mon Aug 21 19:20:19 IST 2017,jwala,10.203.148.0/23,22
Mon Aug 21 19:51:55 IST 2017,jwala,10.203.148.0/23,19
Mon Aug 21 20:22:20 IST 2017,jwala,10.203.148.0/23,16
